<?xml version="1.0" encoding="utf-8"?>
<VugenScriptMetadata>
  <ScriptName>BP01_AMPPortal_OpenSavingAccount</ScriptName>
  <Protocol>Web - HTTP/HTML</Protocol>
  <ActionFiles>
    <FileEntry Name="vuser_init.c" Filter="2" />
    <FileEntry Name="AMPHomePage.c" Filter="2" />
    <FileEntry Name="BankingPage.c" Filter="2" />
    <FileEntry Name="SavingsAccount.c" Filter="2" />
    <FileEntry Name="AMPSaversAccount.c" Filter="2" />
    <FileEntry Name="StartSaverAccount.c" Filter="2" />
    <FileEntry Name="PersonalDetails.c" Filter="2" />
    <FileEntry Name="TaxDetails.c" Filter="2" />
    <FileEntry Name="IdentityCheck.c" Filter="2" />
    <FileEntry Name="Declarations.c" Filter="2" />
    <FileEntry Name="CancelApplication.c" Filter="2" />
    <FileEntry Name="vuser_end.c" Filter="2" />
  </ActionFiles>
  <GeneralFiles>
    <FileEntry Name="BP01_AMPPortal_OpenSavingAccount.usr" Filter="4" />
    <FileEntry Name="default.cfg" Filter="4" />
    <FileEntry Name="default.usp" Filter="4" />
    <FileEntry Name="BP01_AMPPortal_OpenSavingAccount.prm" Filter="2" />
    <FileEntry Name="globals.h" Filter="2" />
    <FileEntry Name="Customer.dat" Filter="2" />
    <FileEntry Name="URL.dat" Filter="2" />
    <FileEntry Name="combined_BP01_AMPPortal_OpenSavingAccount.c" Filter="2" />
    <FileEntry Name="pre_cci.c" Filter="2" />
    <FileEntry Name="24327398440.idx" Filter="1" />
    <FileEntry Name="75615804440.idx" Filter="1" />
    <FileEntry Name="Bookmarks.xml" Filter="1" />
    <FileEntry Name="BP01_AMPPortal_OpenSavingAccount.c.pickle" Filter="1" />
    <FileEntry Name="BP01_AMPPortal_OpenSavingAccount.ci" Filter="1" />
    <FileEntry Name="BP01_AMPPortal_OpenSavingAccount.prm.bak" Filter="1" />
    <FileEntry Name="BP01_AMPPortal_OpenSavingAccount_Working.prm.bak" Filter="1" />
    <FileEntry Name="Breakpoints.xml" Filter="1" />
    <FileEntry Name="CompilerLogMetadata.xml" Filter="1" />
    <FileEntry Name="logfile.log" Filter="1" />
    <FileEntry Name="mdrv.log" Filter="1" />
    <FileEntry Name="mdrv_cmd.txt" Filter="1" />
    <FileEntry Name="options.txt" Filter="1" />
    <FileEntry Name="output.bak" Filter="1" />
    <FileEntry Name="output.txt" Filter="1" />
    <FileEntry Name="OutputColoringDatabase.json" Filter="1" />
    <FileEntry Name="ReplaySummaryReport.xml" Filter="1" />
    <FileEntry Name="ScriptUploadMetadata.xml" Filter="1" />
    <FileEntry Name="ThumbnailsCache.tmp" Filter="1" />
    <FileEntry Name="TransactionsData.db" Filter="1" />
    <FileEntry Name="UserTasks.xml" Filter="1" />
    <FileEntry Name="data\" Filter="1" />
    <FileEntry Name="result1\" Filter="1" />
  </GeneralFiles>
</VugenScriptMetadata>